job,operation,machine,start,finish,duration
1,1,9,73,121,48
1,2,20,121,161,40
1,3,18,297,351,54
1,4,16,603,674,71
1,5,2,674,726,52
1,6,3,782,852,70
1,7,11,875,916,41
1,8,8,1329,1405,76
1,9,14,1405,1457,52
1,10,19,1457,1481,24
1,11,6,1481,1486,5
1,12,7,1528,1571,43
1,13,4,1581,1649,68
1,14,5,1650,1660,10
1,15,15,1728,1777,49
1,16,12,1823,1832,9
1,17,17,2012,2093,81
1,18,1,2093,2123,30
1,19,10,2242,2335,93
1,20,13,2335,2352,17
2,1,13,487,572,85
2,2,12,572,590,18
2,3,4,590,644,54
2,4,17,662,704,42
2,5,2,726,767,41
2,6,3,852,923,71
2,7,10,923,991,68
2,8,9,991,1073,82
2,9,19,1087,1141,54
2,10,5,1149,1198,49
2,11,1,1198,1219,21
2,12,20,1219,1220,1
2,13,18,1220,1278,58
2,14,16,1278,1279,1
2,15,6,1360,1429,69
2,16,11,1639,1697,58
2,17,14,1697,1737,40
2,18,15,1852,1911,59
2,19,7,2008,2074,66
2,20,8,2086,2115,29
3,1,9,0,33,33
3,2,7,33,67,34
3,3,16,763,840,77
3,4,15,873,915,42
3,5,4,954,1049,95
3,6,8,1054,1056,2
3,7,20,1100,1171,71
3,8,19,1258,1331,73
3,9,2,1362,1381,19
3,10,12,1381,1406,25
3,11,5,1411,1456,45
3,12,13,1687,1775,88
3,13,18,1787,1806,19
3,14,14,1815,1855,40
3,15,1,1882,1924,42
3,16,3,1924,1941,17
3,17,10,1941,2022,81
3,18,11,2211,2283,72
3,19,17,2283,2353,70
3,20,6,2405,2472,67
4,1,13,44,95,51
4,2,10,159,200,41
4,3,6,200,274,74
4,4,17,350,447,97
4,5,1,471,497,26
4,6,3,497,501,4
4,7,14,513,538,25
4,8,19,538,550,12
4,9,7,550,567,17
4,10,12,590,666,76
4,11,2,666,672,6
4,12,20,672,751,79
4,13,9,751,800,49
4,14,15,800,839,39
4,15,8,850,851,1
4,16,5,851,878,27
4,17,16,969,1013,44
4,18,11,1085,1160,75
4,19,4,1160,1161,1
4,20,18,1161,1179,18
5,1,2,0,22,22
5,2,4,451,550,99
5,3,14,550,557,7
5,4,5,557,564,7
5,5,19,903,975,72
5,6,6,996,1020,24
5,7,7,1024,1043,19
5,8,10,1081,1162,81
5,9,8,1162,1185,23
5,10,9,1471,1543,72
5,11,16,1564,1614,50
5,12,1,1721,1816,95
5,13,15,1821,1852,31
5,14,11,1947,2014,67
5,15,13,2064,2131,67
5,16,20,2131,2153,22
5,17,17,2153,2165,12
5,18,18,2166,2194,28
5,19,3,2236,2304,68
5,20,12,2687,2775,88
6,1,17,6,58,52
6,2,4,85,136,51
6,3,5,184,228,44
6,4,15,228,266,38
6,5,2,266,330,64
6,6,3,330,341,11
6,7,11,364,426,62
6,8,10,428,448,20
6,9,6,448,502,54
6,10,1,502,517,15
6,11,19,1816,1899,83
6,12,20,1899,1978,79
6,13,9,1999,2054,55
6,14,18,2056,2104,48
6,15,13,2131,2169,38
6,16,16,2189,2226,37
6,17,14,2244,2286,42
6,18,7,2286,2367,81
6,19,8,2367,2456,89
6,20,12,2498,2558,60
7,1,20,0,82,82
7,2,5,141,184,43
7,3,16,265,322,57
7,4,1,322,323,1
7,5,13,657,746,89
7,6,14,746,757,11
7,7,2,767,808,41
7,8,8,896,946,50
7,9,19,1019,1087,68
7,10,6,1087,1089,2
7,11,10,1162,1166,4
7,12,4,1166,1231,65
7,13,17,1231,1251,20
7,14,9,1251,1307,56
7,15,12,1510,1556,46
7,16,3,1556,1592,36
7,17,7,1592,1625,33
7,18,15,1668,1724,56
7,19,11,1724,1737,13
7,20,18,1737,1787,50
8,1,10,24,69,45
8,2,11,106,117,11
8,3,9,206,269,63
8,4,5,279,338,59
8,5,15,338,407,69
8,6,6,407,446,39
8,7,16,446,490,44
8,8,8,490,551,61
8,9,19,551,618,67
8,10,7,618,690,72
8,11,14,818,892,74
8,12,20,927,986,59
8,13,18,986,1002,16
8,14,3,1024,1050,26
8,15,17,1050,1140,90
8,16,12,1140,1206,66
8,17,1,1219,1275,56
8,18,13,1285,1332,47
8,19,4,1880,1975,95
8,20,2,1975,2014,39
9,1,10,724,816,92
9,2,14,816,818,2
9,3,16,1279,1367,88
9,4,8,1482,1572,90
9,5,19,1611,1656,45
9,6,3,1994,2082,88
9,7,12,2082,2172,90
9,8,20,2368,2462,94
9,9,2,2479,2513,34
9,10,9,2513,2514,1
9,11,1,2572,2653,81
9,12,5,2703,2767,64
9,13,4,2894,2964,70
9,14,13,2965,3020,55
9,15,7,3020,3027,7
9,16,17,3047,3080,33
9,17,15,3142,3163,21
9,18,18,3163,3198,35
9,19,11,3198,3260,62
9,20,6,3260,3321,61
10,1,7,203,292,89
10,2,12,292,313,21
10,3,18,443,504,61
10,4,9,504,522,18
10,5,17,522,599,77
10,6,8,599,619,20
10,7,1,631,673,42
10,8,15,734,793,59
10,9,5,878,957,79
10,10,16,957,969,12
10,11,3,1098,1154,56
10,12,14,1162,1176,14
10,13,19,1176,1197,21
10,14,2,1197,1240,43
10,15,10,1586,1675,89
10,16,20,1675,1706,31
10,17,11,1737,1808,71
10,18,6,1884,1976,92
10,19,4,1976,2023,47
10,20,13,2221,2292,71
11,1,14,152,213,61
11,2,5,763,847,84
11,3,8,847,850,3
11,4,7,1083,1156,73
11,5,16,1156,1191,35
11,6,12,1206,1242,36
11,7,11,1305,1384,79
11,8,10,1428,1516,88
11,9,4,1649,1703,54
11,10,18,2515,2611,96
11,11,17,2629,2651,22
11,12,6,2654,2724,70
11,13,13,2724,2734,10
11,14,2,2734,2738,4
11,15,9,2787,2863,76
11,16,19,2863,2903,40
11,17,15,3271,3356,85
11,18,1,3356,3440,84
11,19,20,3504,3597,93
11,20,3,3597,3662,65
12,1,4,136,204,68
12,2,11,292,364,72
12,3,15,407,481,74
12,4,1,843,940,97
12,5,8,991,1054,63
12,6,13,1074,1107,33
12,7,10,1166,1262,96
12,8,20,1262,1266,4
12,9,12,1266,1329,63
12,10,6,1329,1360,31
12,11,19,1360,1361,1
12,12,2,1381,1479,98
12,13,14,1479,1518,39
12,14,18,1587,1652,65
12,15,3,1731,1803,72
12,16,7,1803,1823,20
12,17,5,1823,1830,7
12,18,17,1932,1995,63
12,19,16,1999,2032,33
12,20,9,2054,2080,26
13,1,1,0,41,41
13,2,11,41,106,65
13,3,3,148,182,34
13,4,19,182,253,71
13,5,15,266,285,19
13,6,13,326,375,49
13,7,14,426,513,87
13,8,2,516,577,61
13,9,4,692,771,79
13,10,10,816,877,61
13,11,18,901,930,29
13,12,16,930,952,22
13,13,20,986,1060,74
13,14,5,1198,1266,68
13,15,6,1266,1326,60
13,16,9,1326,1349,23
13,17,17,1413,1495,82
13,18,7,1495,1528,33
13,19,8,1707,1801,94
13,20,12,1832,1874,42
14,1,7,11,28,17
14,2,12,52,92,40
14,3,10,119,159,40
14,4,9,178,206,28
14,5,16,206,212,6
14,6,18,504,566,62
14,7,1,673,756,83
14,8,5,1003,1098,95
14,9,15,1113,1157,44
14,10,11,1808,1899,91
14,11,13,1985,2064,79
14,12,3,2082,2121,39
14,13,14,2176,2244,68
14,14,19,2325,2404,79
14,15,6,2404,2405,1
14,16,2,2405,2425,20
14,17,17,2458,2554,96
14,18,20,2561,2623,62
14,19,4,2623,2685,62
14,20,8,2695,2765,70
15,1,2,38,77,39
15,2,10,536,625,89
15,3,17,625,662,37
15,4,18,662,669,7
15,5,16,840,924,84
15,6,3,924,984,60
15,7,6,1089,1150,61
15,8,11,1232,1305,73
15,9,9,1407,1471,64
15,10,15,1589,1662,73
15,11,8,1704,1707,3
15,12,12,1874,1949,75
15,13,14,1958,1961,3
15,14,1,1961,2009,48
15,15,20,2038,2112,74
15,16,4,2180,2247,67
15,17,5,2247,2286,39
15,18,19,2293,2325,32
15,19,13,2415,2484,69
15,20,7,2499,2524,25
16,1,12,0,9,9
16,2,18,744,827,83
16,3,6,827,857,30
16,4,2,859,862,3
16,5,13,862,893,31
16,6,19,1991,2084,93
16,7,11,2362,2448,86
16,8,10,2448,2497,49
16,9,3,2497,2531,34
16,10,16,2541,2632,91
16,11,17,2651,2707,56
16,12,7,2760,2840,80
16,13,8,2854,2887,33
16,14,9,2887,2964,77
16,15,15,2964,2999,35
16,16,5,3052,3115,63
16,17,1,3128,3200,72
16,18,20,3241,3287,46
16,19,14,3287,3309,22
16,20,4,3319,3392,73
17,1,4,0,21,21
17,2,6,21,67,46
17,3,14,67,100,33
17,4,17,137,191,54
17,5,15,191,213,22
17,6,12,213,277,64
17,7,18,277,297,20
17,8,13,375,451,76
17,9,8,626,703,77
17,10,19,2196,2293,97
17,11,16,2293,2321,28
17,12,9,2321,2375,54
17,13,3,2402,2483,81
17,14,1,2653,2748,95
17,15,10,2748,2829,81
17,16,11,2900,2972,72
17,17,5,2972,3052,80
17,18,7,3052,3127,75
17,19,20,3127,3145,18
17,20,2,3145,3226,81
18,1,17,58,110,52
18,2,14,110,140,30
18,3,9,140,178,38
18,4,18,566,636,70
18,5,6,636,658,22
18,6,11,658,673,15
18,7,19,728,794,66
18,8,13,794,820,26
18,9,2,914,969,55
18,10,5,969,1003,34
18,11,15,1003,1016,13
18,12,10,1016,1081,65
18,13,7,1271,1358,87
18,14,12,1430,1468,38
18,15,4,1795,1880,85
18,16,8,1910,1999,89
18,17,16,2032,2109,77
18,18,3,2121,2143,22
18,19,1,2143,2210,67
18,20,20,2232,2276,44
19,1,5,439,502,63
19,2,15,639,734,95
19,3,16,745,763,18
19,4,20,1280,1374,94
19,5,18,1457,1530,73
19,6,19,1560,1611,51
19,7,2,1611,1646,35
19,8,10,1675,1732,57
19,9,9,1732,1770,38
19,10,8,1801,1866,65
19,11,7,1866,1935,69
19,12,6,2106,2166,60
19,13,1,2258,2348,90
19,14,4,2358,2426,68
19,15,17,2426,2458,32
19,16,12,2458,2498,40
19,17,11,2498,2509,11
19,18,13,2622,2697,75
19,19,14,2795,2892,97
19,20,3,2892,2943,51
20,1,10,282,350,68
20,2,16,350,387,37
20,3,14,387,426,39
20,4,5,426,439,13
20,5,15,481,557,76
20,6,9,609,686,77
20,7,4,686,692,6
20,8,3,692,698,6
20,9,6,716,769,53
20,10,19,794,835,41
20,11,8,1185,1257,72
20,12,17,1257,1328,71
20,13,7,1358,1404,46
20,14,12,1406,1430,24
20,15,11,1479,1525,46
20,16,1,1525,1575,50
20,17,18,1575,1587,12
20,18,13,1648,1687,39
20,19,20,2276,2368,92
20,20,2,2425,2479,54
21,1,19,47,140,93
21,2,3,1283,1378,95
21,3,18,1378,1386,8
21,4,17,1386,1413,27
21,5,11,1413,1466,53
21,6,9,1543,1618,75
21,7,13,1618,1621,3
21,8,20,1621,1663,42
21,9,15,1663,1668,5
21,10,2,1668,1692,24
21,11,7,1723,1796,73
21,12,6,1796,1884,88
21,13,1,2009,2066,57
21,14,8,2066,2086,20
21,15,12,2172,2271,99
21,16,4,2271,2310,39
21,17,5,2313,2387,74
21,18,16,2387,2462,75
21,19,14,2464,2508,44
21,20,10,2526,2550,24
22,1,9,346,429,83
22,2,18,429,443,14
22,3,12,472,538,66
22,4,16,1684,1780,96
22,5,4,1784,1795,11
22,6,7,1823,1859,36
22,7,17,1859,1879,20
22,8,14,1879,1884,5
22,9,13,1884,1956,72
22,10,3,1956,1994,38
22,11,20,2153,2232,79
22,12,10,2232,2242,10
22,13,15,2242,2269,27
22,14,5,2286,2313,27
22,15,19,2451,2541,90
22,16,2,2541,2549,8
22,17,8,2612,2695,83
22,18,11,2695,2705,10
22,19,6,2724,2785,61
22,20,1,2785,2854,69
23,1,12,30,52,22
23,2,18,82,138,56
23,3,11,138,192,54
23,4,20,221,271,50
23,5,13,275,326,51
23,6,19,326,335,9
23,7,17,335,350,15
23,8,6,369,405,36
23,9,16,405,425,20
23,10,5,632,711,79
23,11,2,808,859,51
23,12,14,892,976,84
23,13,3,984,1024,40
23,14,8,1056,1115,59
23,15,1,1115,1163,48
23,16,7,1163,1190,27
23,17,15,1254,1319,65
23,18,10,1319,1363,44
23,19,4,1363,1403,40
23,20,9,1770,1853,83
24,1,19,0,5,5
24,2,8,147,222,75
24,3,16,222,265,43
24,4,10,265,282,17
24,5,4,282,292,10
24,6,20,835,927,92
24,7,17,927,949,22
24,8,12,953,989,36
24,9,6,989,996,7
24,10,14,1008,1079,71
24,11,18,1943,2020,77
24,12,11,2141,2211,70
24,13,13,2211,2221,10
24,14,1,2234,2258,24
24,15,2,2289,2367,78
24,16,15,2367,2444,77
24,17,3,2531,2587,56
24,18,5,2587,2629,42
24,19,7,2629,2645,16
24,20,9,2671,2719,48
25,1,5,0,37,37
25,2,18,1002,1098,96
25,3,7,1190,1271,81
25,4,3,1271,1283,12
25,5,19,1899,1991,92
25,6,6,2230,2316,86
25,7,13,2352,2415,63
25,8,8,2456,2544,88
25,9,1,2544,2572,28
25,10,15,2572,2629,57
25,11,12,2629,2687,58
25,12,16,2687,2710,23
25,13,2,2710,2714,4
25,14,20,2778,2873,95
25,15,17,3145,3225,80
25,16,9,3225,3237,12
25,17,4,3237,3319,82
25,18,10,3338,3391,53
25,19,14,3396,3401,5
25,20,11,3414,3489,75
26,1,7,145,203,58
26,2,2,203,262,59
26,3,16,490,555,65
26,4,3,578,656,78
26,5,19,835,903,68
26,6,12,903,953,50
26,7,8,953,991,38
26,8,15,1016,1113,97
26,9,11,1160,1232,72
26,10,5,1317,1411,94
26,11,1,1441,1500,59
26,12,4,1539,1581,42
26,13,10,1581,1586,5
26,14,14,1586,1605,19
26,15,13,1621,1648,27
26,16,20,1706,1760,54
26,17,18,1874,1943,69
26,18,9,1947,1949,2
26,19,6,2007,2063,56
26,20,17,2093,2144,51
27,1,16,0,4,4
27,2,7,4,11,7
27,3,19,11,47,36
27,4,18,47,82,35
27,5,1,195,275,80
27,6,20,1374,1469,95
27,7,2,1479,1530,51
27,8,15,1530,1589,59
27,9,17,1758,1851,93
27,10,10,1851,1856,5
27,11,14,1961,2022,61
27,12,5,2022,2026,4
27,13,6,2063,2106,43
27,14,9,2106,2136,30
27,15,3,2143,2236,93
27,16,13,2499,2575,76
27,17,12,2575,2617,42
27,18,4,2685,2784,99
27,19,8,2824,2854,30
27,20,11,2854,2900,46
28,1,10,448,536,88
28,2,18,669,744,75
28,3,11,916,997,81
28,4,7,1043,1083,40
28,5,4,1083,1144,61
28,6,1,1347,1441,94
28,7,13,1441,1519,78
28,8,19,1536,1560,24
28,9,17,1560,1579,19
28,10,8,1579,1623,44
28,11,15,2269,2365,96
28,12,5,2387,2410,23
28,13,14,2705,2795,90
28,14,2,2795,2889,94
28,15,9,2988,3068,80
28,16,20,3287,3384,97
28,17,12,3384,3408,24
28,18,6,3408,3452,44
28,19,3,3452,3506,54
28,20,16,3506,3558,52
29,1,14,0,5,5
29,2,5,1551,1650,99
29,3,18,1652,1712,60
29,4,15,1911,1998,87
29,5,6,2166,2230,64
29,6,12,2271,2307,36
29,7,9,2412,2490,78
29,8,1,2490,2522,32
29,9,10,2522,2526,4
29,10,19,2541,2559,18
29,11,13,2596,2622,26
29,12,17,3225,3312,87
29,13,3,3312,3386,74
29,14,7,3386,3412,26
29,15,16,3412,3502,90
29,16,4,3502,3547,45
29,17,11,3547,3582,35
29,18,2,3606,3660,54
29,19,20,3660,3687,27
29,20,8,3687,3710,23
30,1,3,1154,1247,93
30,2,5,1456,1551,95
30,3,11,1551,1562,11
30,4,13,1562,1576,14
30,5,18,2677,2776,99
30,6,6,2785,2871,86
30,7,8,2887,2928,41
30,8,12,2932,2958,26
30,9,17,2977,3027,50
30,10,16,3027,3101,74
30,11,4,3101,3122,21
30,12,10,3122,3128,6
30,13,1,3200,3267,67
30,14,19,3371,3458,87
30,15,20,3458,3504,46
30,16,7,3511,3595,84
30,17,2,3595,3606,11
30,18,14,3606,3695,89
30,19,9,3695,3784,89
30,20,15,3784,3850,66
31,1,10,69,119,50
31,2,3,239,310,71
31,3,16,674,745,71
31,4,8,745,750,5
31,5,12,750,810,60
31,6,18,827,856,29
31,7,15,856,873,17
31,8,7,873,902,29
31,9,13,1187,1285,98
31,10,4,1403,1464,61
31,11,20,1469,1556,87
31,12,1,1575,1633,58
31,13,11,1633,1639,6
31,14,2,1692,1752,60
31,15,14,2022,2106,84
31,16,9,2514,2606,92
31,17,17,2606,2629,23
31,18,6,2629,2654,25
31,19,5,2680,2703,23
31,20,19,2703,2760,57
32,1,18,138,213,75
32,2,5,338,398,60
32,3,20,398,475,77
32,4,16,555,603,48
32,5,1,756,843,87
32,6,4,843,895,52
32,7,7,1625,1723,98
32,8,3,1723,1731,8
32,9,13,1775,1830,55
32,10,14,2367,2464,97
32,11,2,2549,2604,55
32,12,9,2719,2787,68
32,13,17,2840,2899,59
32,14,8,2928,3018,90
32,15,6,3018,3068,50
32,16,11,3068,3166,98
32,17,15,3166,3223,57
32,18,19,3223,3266,43
32,19,10,3266,3338,72
32,20,12,3338,3373,35
33,1,14,21,67,46
33,2,7,67,89,22
33,3,5,89,100,11
33,4,13,100,149,49
33,5,6,149,183,34
33,6,11,192,222,30
33,7,12,313,392,79
33,8,9,429,501,72
33,9,3,501,578,77
33,10,19,618,665,47
33,11,10,669,724,55
33,12,4,771,834,63
33,13,15,915,973,58
33,14,1,973,1062,89
33,15,18,1386,1457,71
33,16,2,1752,1846,94
33,17,16,1904,1999,95
33,18,17,1999,2012,13
33,19,20,2681,2778,97
33,20,8,2778,2824,46
34,1,16,13,38,25
34,2,3,2304,2402,98
34,3,4,2426,2497,71
34,4,8,2544,2612,68
34,5,14,2612,2620,8
34,6,17,2768,2840,72
34,7,13,2840,2897,57
34,8,15,2897,2936,39
34,9,9,3068,3151,83
34,10,5,3151,3168,17
34,11,6,3168,3258,90
34,12,1,3296,3327,31
34,13,18,3327,3408,81
34,14,11,3408,3414,6
34,15,7,3414,3511,97
34,16,19,3511,3609,98
34,17,10,3609,3691,82
34,18,12,3691,3773,82
34,19,20,3773,3825,52
34,20,2,3825,3907,82
35,1,16,67,109,42
35,2,9,269,346,77
35,3,11,426,497,71
35,4,2,497,516,19
35,5,19,1656,1736,80
35,6,12,1736,1767,31
35,7,1,1816,1882,66
35,8,18,2346,2436,90
35,9,5,2465,2483,18
35,10,13,2484,2499,15
35,11,4,2499,2575,76
35,12,20,2623,2681,58
35,13,6,2871,2963,92
35,14,3,2963,2997,34
35,15,15,2999,3065,66
35,16,10,3065,3073,8
35,17,17,3080,3145,65
35,18,8,3145,3212,67
35,19,7,3212,3296,84
35,20,14,3354,3396,42
36,1,5,100,141,41
36,2,13,183,225,42
36,3,4,292,361,69
36,4,19,377,458,81
36,5,11,724,819,95
36,6,20,819,835,16
36,7,18,856,901,45
36,8,7,902,954,52
36,9,3,1050,1098,48
36,10,2,1240,1275,35
36,11,1,1275,1347,72
36,12,6,1486,1566,80
36,13,8,1623,1704,81
36,14,9,1704,1708,4
36,15,12,1708,1711,3
36,16,15,1724,1728,4
36,17,10,1732,1828,96
36,18,17,1879,1932,53
36,19,14,1944,1958,14
36,20,16,2109,2189,80
37,1,17,0,6,6
37,2,18,6,12,6
37,3,10,12,24,12
37,4,20,586,672,86
37,5,8,750,776,26
37,6,2,862,914,52
37,7,7,954,1024,70
37,8,9,1073,1166,93
37,9,4,1703,1784,81
37,10,14,1784,1815,31
37,11,16,1815,1904,89
37,12,13,2734,2833,99
37,13,12,2833,2932,99
37,14,3,2997,3068,71
37,15,15,3068,3142,74
37,16,6,3142,3149,7
37,17,19,3149,3192,43
37,18,5,3192,3278,86
37,19,1,3295,3296,1
37,20,11,3296,3389,93
38,1,13,0,44,44
38,2,3,94,148,54
38,3,1,159,195,36
38,4,14,213,253,40
38,5,5,564,632,68
38,6,17,704,753,49
38,7,8,851,896,45
38,8,4,896,954,58
38,9,19,975,1019,44
38,10,16,1019,1084,65
38,11,6,1150,1222,72
38,12,10,1363,1428,65
38,13,7,1428,1481,53
38,14,11,1562,1610,48
38,15,12,1618,1708,90
38,16,2,1846,1944,98
38,17,20,1978,2038,60
38,18,15,2068,2139,71
38,19,18,2139,2166,27
38,20,9,2166,2214,48
39,1,16,4,13,9
39,2,2,22,38,16
39,3,3,38,94,56
39,4,17,110,137,27
39,5,13,225,275,50
39,6,20,275,332,57
39,7,1,332,387,55
39,8,9,522,609,87
39,9,10,625,669,44
39,10,6,669,716,47
39,11,8,776,805,29
39,12,12,810,892,82
39,13,19,1736,1816,80
39,14,5,1830,1873,43
39,15,11,2014,2089,75
39,16,4,2089,2099,10
39,17,14,2106,2176,70
39,18,15,2193,2231,38
39,19,7,2231,2259,28
39,20,18,2259,2261,2
40,1,8,0,29,29
40,2,1,68,159,91
40,3,13,572,657,85
40,4,11,673,724,51
40,5,2,1031,1117,86
40,6,19,1141,1175,34
40,7,9,1175,1248,73
40,8,6,1248,1260,12
40,9,20,1266,1280,14
40,10,4,1288,1339,51
40,11,12,1339,1340,1
40,12,16,1367,1405,38
40,13,3,1475,1549,74
40,14,17,1666,1758,92
40,15,14,1884,1944,60
40,16,7,1944,1987,43
40,17,18,2020,2056,36
40,18,5,2056,2079,23
40,19,10,2081,2163,82
40,20,15,2163,2193,30
41,1,12,9,30,21
41,2,3,1378,1475,97
41,3,11,1475,1479,4
41,4,18,2261,2346,85
41,5,8,2346,2367,21
41,6,5,2410,2465,55
41,7,7,2465,2499,34
41,8,20,2499,2561,62
41,9,17,2899,2977,78
41,10,9,2977,2988,11
41,11,10,2988,3022,34
41,12,1,3022,3039,17
41,13,2,3039,3042,3
41,14,6,3068,3111,43
41,15,13,3111,3149,38
41,16,16,3149,3193,44
41,17,14,3309,3354,45
41,18,19,3354,3371,17
41,19,15,3371,3374,3
41,20,4,3392,3475,83
42,1,16,38,67,29
42,2,9,67,73,6
42,3,8,73,118,45
42,4,6,118,133,15
42,5,20,161,221,60
42,6,18,221,250,29
42,7,19,2559,2656,97
42,8,15,2656,2747,91
42,9,7,2747,2760,13
42,10,17,2760,2768,8
42,11,4,2784,2834,50
42,12,3,2834,2880,46
42,13,11,2972,3044,72
42,14,10,3128,3214,86
42,15,14,3214,3221,7
42,16,13,3221,3251,30
42,17,1,3267,3295,28
42,18,12,3295,3308,13
42,19,5,3308,3335,27
42,20,2,3335,3377,42
43,1,5,37,75,38
43,2,4,75,85,10
43,3,13,981,1074,93
43,4,20,1094,1100,6
43,5,8,1257,1329,72
43,6,12,1340,1378,38
43,7,16,1405,1478,73
43,8,1,1633,1721,88
43,9,15,1777,1821,44
43,10,10,1856,1922,66
43,11,11,2283,2362,79
43,12,19,2404,2451,47
43,13,14,2508,2569,61
43,14,6,2569,2575,6
43,15,3,2587,2651,64
43,16,7,2651,2669,18
43,17,9,2669,2671,2
43,18,18,2671,2677,6
43,19,17,3312,3403,91
43,20,2,3403,3440,37
44,1,3,0,21,21
44,2,8,29,49,20
44,3,5,228,279,51
44,4,19,2100,2196,96
44,5,18,2196,2247,51
44,6,2,2247,2289,42
44,7,6,2316,2368,52
44,8,9,2375,2412,37
44,9,14,2620,2705,85
44,10,10,2705,2723,18
44,11,16,2723,2767,44
44,12,4,2834,2894,60
44,13,13,2897,2965,68
44,14,7,2965,2968,3
44,15,12,2968,2974,6
44,16,17,3027,3047,20
44,17,1,3047,3128,81
44,18,20,3145,3241,96
44,19,15,3241,3271,30
44,20,11,3271,3280,9
45,1,14,5,21,16
45,2,15,21,75,54
45,3,2,77,130,53
45,4,3,182,239,57
45,5,17,245,291,46
45,6,1,387,471,84
45,7,12,471,472,1
45,8,20,510,586,76
45,9,7,586,612,26
45,10,8,619,626,7
45,11,6,857,926,69
45,12,11,997,1085,88
45,13,16,1085,1114,29
45,14,13,1114,1187,73
45,15,18,1187,1219,32
45,16,10,1262,1313,51
45,17,5,1313,1317,4
45,18,19,1361,1435,74
45,19,4,1464,1539,75
45,20,9,1618,1693,75
46,1,1,41,68,27
46,2,17,191,245,54
46,3,4,361,451,90
46,4,8,451,476,25
46,5,3,1592,1689,97
46,6,18,1806,1874,68
46,7,20,1874,1888,14
46,8,5,1888,1942,54
46,9,13,1956,1985,29
46,10,9,1985,1999,14
46,11,6,1999,2007,8
46,12,7,2007,2008,1
46,13,15,2008,2068,60
46,14,10,2068,2081,13
46,15,19,2084,2100,16
46,16,11,2100,2141,41
46,17,14,2286,2367,81
46,18,2,2367,2402,35
46,19,12,2402,2420,18
46,20,16,2462,2541,79
47,1,7,89,145,56
47,2,14,145,152,7
47,3,13,152,183,31
47,4,10,200,255,55
47,5,3,341,426,85
47,6,20,475,510,35
47,7,15,557,639,82
47,8,19,665,728,63
47,9,5,728,763,35
47,10,6,769,823,54
47,11,11,823,875,52
47,12,8,1405,1482,77
47,13,16,1482,1564,82
47,14,9,1853,1947,94
47,15,4,2099,2180,81
47,16,2,2180,2205,25
47,17,1,2210,2234,24
47,18,12,2307,2363,56
47,19,17,2363,2386,23
47,20,18,2436,2515,79
48,1,9,33,66,33
48,2,15,75,125,50
48,3,8,125,147,22
48,4,11,222,292,70
48,5,10,350,409,59
48,6,7,409,460,51
48,7,1,517,597,80
48,8,3,698,782,84
48,9,17,782,829,47
48,10,13,893,981,88
48,11,14,981,1008,27
48,12,6,1020,1038,18
48,13,20,1060,1094,34
48,14,18,1098,1145,47
48,15,5,1145,1149,4
48,16,16,1191,1232,41
48,17,4,1232,1288,56
48,18,12,1468,1510,42
48,19,19,1510,1536,26
48,20,2,1536,1602,66
49,1,4,21,52,31
49,2,11,497,580,83
49,3,8,580,589,9
49,4,1,597,631,34
49,5,2,969,1031,62
49,6,14,1079,1162,83
49,7,19,1197,1258,61
49,8,18,1278,1319,41
49,9,9,1349,1407,58
49,10,15,1407,1503,96
49,11,17,1579,1666,87
49,12,16,1666,1684,18
49,13,12,1767,1823,56
49,14,20,1823,1825,2
49,15,6,2472,2567,95
49,16,13,2575,2596,21
49,17,5,2629,2680,51
49,18,10,2680,2693,13
49,19,7,2693,2724,31
49,20,3,2724,2820,96
50,1,16,109,171,62
50,2,6,274,369,95
50,3,19,369,377,8
50,4,20,377,380,3
50,5,18,380,407,27
50,6,10,409,428,19
50,7,13,451,487,36
50,8,15,1157,1254,97
50,9,2,1275,1362,87
50,10,12,1556,1618,62
50,11,3,1803,1889,86
50,12,8,1889,1910,21
50,13,11,1910,1947,37
50,14,1,1947,1958,11
50,15,5,1958,1969,11
50,16,7,2074,2141,67
50,17,17,2165,2249,84
50,18,9,2249,2283,34
50,19,4,2310,2358,48
50,20,14,2892,2989,97
