case,instance,jobs,machines,master,seed,initial_makespan,best_makespan,simple_lower_bound,iterations,wall_seconds,pool_plus_loop_seconds,proof_certificate,stop_reason,pool_sha256,verified,result_path
15x15,tai15_15_01_test,15,15,milp,7,1462,1462,977,100,30.386197400001038,31.699655500000517,,iteration_budget,1957c37190c2fb342e2316a50fee83fe247556fc4e5e48db68430e520a354c09,True,results\corrected_20261001\15x15_seed7_milp.json
15x15,tai15_15_01_test,15,15,kaiwu,7,1462,1462,977,100,37.08337439999923,38.39683249999871,,iteration_budget,1957c37190c2fb342e2316a50fee83fe247556fc4e5e48db68430e520a354c09,True,results\corrected_20261001\15x15_seed7_kaiwu.json
15x15,tai15_15_01_test,15,15,milp,11,1462,1462,977,100,21.416756599999644,23.104091499999413,,iteration_budget,e8da3536a82d9e7f648fac31cbd4f69ca251e4103573f6ab874a3e3bc07a09eb,True,results\corrected_20261001\15x15_seed11_milp.json
15x15,tai15_15_01_test,15,15,kaiwu,11,1462,1462,977,100,37.29081159999987,38.97814649999964,,iteration_budget,e8da3536a82d9e7f648fac31cbd4f69ca251e4103573f6ab874a3e3bc07a09eb,True,results\corrected_20261001\15x15_seed11_kaiwu.json
20x15,tai20_15_01_test,20,15,milp,7,1865,1865,1139,100,25.20696020000105,27.915013500001805,,iteration_budget,ef1761443bb5ba9ee53fc8acfe7ab2ad13e34bbc09a31c07ffa9b596f7699f81,True,results\corrected_20261001\20x15_seed7_milp.json
20x15,tai20_15_01_test,20,15,kaiwu,7,1865,1865,1139,100,29.06479020000006,31.772843500000818,,iteration_budget,ef1761443bb5ba9ee53fc8acfe7ab2ad13e34bbc09a31c07ffa9b596f7699f81,True,results\corrected_20261001\20x15_seed7_kaiwu.json
20x15,tai20_15_01_test,20,15,milp,11,1865,1865,1139,100,24.321900599999935,26.727764899998874,,iteration_budget,0b6b20055dba881b66eb4a27563163f9f771131fa75eca4ac479746880fc8110,True,results\corrected_20261001\20x15_seed11_milp.json
20x15,tai20_15_01_test,20,15,kaiwu,11,1865,1865,1139,100,32.57346850000067,34.97933279999961,,iteration_budget,0b6b20055dba881b66eb4a27563163f9f771131fa75eca4ac479746880fc8110,True,results\corrected_20261001\20x15_seed11_kaiwu.json
15x20_derived,ta21_first15jobs_derived,15,20,milp,7,1685,1675,1217,100,19.976163400000587,21.93596930000058,,iteration_budget,731708bffb5cc9121c251447ee790f26f11d7918fa25568afe5045890321ca51,True,results\corrected_20261001\15x20_derived_seed7_milp.json
15x20_derived,ta21_first15jobs_derived,15,20,kaiwu,7,1685,1685,1217,100,37.43993950000004,39.39974540000003,,iteration_budget,731708bffb5cc9121c251447ee790f26f11d7918fa25568afe5045890321ca51,True,results\corrected_20261001\15x20_derived_seed7_kaiwu.json
15x20_derived,ta21_first15jobs_derived,15,20,milp,11,1685,1675,1217,100,18.564727500001027,20.458949500000017,,iteration_budget,8a2e17b0390c5861b65ab066a5ec7f17db308851ccb061772935b7857a61e255,True,results\corrected_20261001\15x20_derived_seed11_milp.json
15x20_derived,ta21_first15jobs_derived,15,20,kaiwu,11,1685,1685,1217,100,38.19419000000016,40.08841199999915,,iteration_budget,8a2e17b0390c5861b65ab066a5ec7f17db308851ccb061772935b7857a61e255,True,results\corrected_20261001\15x20_derived_seed11_kaiwu.json
